{"version": "2.0.6", "architecture": "pynini", "train_date": "2022-08-13 07:08:23.563603", "phones": ["\u1100", "\u1101", "\u1102", "\u1103", "\u1104", "\u1105", "\u1106", "\u1107", "\u1108", "\u1109", "\u110a", "\u110b", "\u110c", "\u110d", "\u110e", "\u110f", "\u1110", "\u1111", "\u1112", "\u1161", "\u1162", "\u1163", "\u1165", "\u1166", "\u1167", "\u1168", "\u1169", "\u116a", "\u116b", "\u116c", "\u116d", "\u116e", "\u116f", "\u1171", "\u1172", "\u1173", "\u1174", "\u1175", "\u11a8", "\u11a9", "\u11ab", "\u11ac", "\u11ad", "\u11ae", "\u11af", "\u11b0", "\u11b1", "\u11b2", "\u11b6", "\u11b7", "\u11b8", "\u11b9", "\u11ba", "\u11bb", "\u11bc", "\u11bd", "\u11be", "\u11c0", "\u11c1", "\u11c2"], "graphemes": ["\u1173", "\u11ba", "\u11c1", "\u1104", "\u11bd", "\u116d", "\u11ae", "\u110c", "\u11bc", "\u1100", "\u11c0", "\u11ac", "\u1108", "\u1172", "\u1161", "\u1174", "\u11b9", "\u116f", "\u1112", "\u1101", "\u11b8", "\u1111", "\u11be", "\u11a9", "\u1175", "\u11a8", "\u11b6", "\u110d", "\u110a", "\u1103", "\u116b", "\u1102", "\u110f", "\u1168", "\u116a", "\u1107", "\u1162", "\u1163", "\u11b1", "\u1169", "\u11ad", "\u1165", "\u11bb", "\u11b0", "\u11b2", "\u11af", "\u1167", "\u110b", "\u11ab", "\u116c", "\u1109", "\u1110", "\u1171", "\u11c2", "\u1106", "\u1105", "\u116e", "\u1166", "\u11b7", "\u110e"], "evaluation": {}, "training": {"num_words": 436, "num_graphemes": 60, "num_phones": 60}}